[
  {
    "attributes": {
      "fields": "[{\"name\":\"_id\",\"type\":\"string\",\"esTypes\":[\"_id\"],\"count\":0,\"scripted\":false,\"searchable\":true,\"aggregatable\":true,\"readFromDocValues\":false},{\"name\":\"_index\",\"type\":\"string\",\"esTypes\":[\"_index\"],\"count\":0,\"scripted\":false,\"searchable\":true,\"aggregatable\":true,\"readFromDocValues\":false},{\"name\":\"_score\",\"type\":\"number\",\"count\":0,\"scripted\":false,\"searchable\":false,\"aggregatable\":false,\"readFromDocValues\":false},{\"name\":\"_source\",\"type\":\"_source\",\"esTypes\":[\"_source\"],\"count\":0,\"scripted\":false,\"searchable\":false,\"aggregatable\":false,\"readFromDocValues\":false},{\"name\":\"_type\",\"type\":\"string\",\"esTypes\":[\"_type\"],\"count\":0,\"scripted\":false,\"searchable\":true,\"aggregatable\":true,\"readFromDocValues\":false},{\"name\":\"action\",\"type\":\"string\",\"esTypes\":[\"text\"],\"count\":0,\"scripted\":false,\"searchable\":true,\"aggregatable\":false,\"readFromDocValues\":false},{\"name\":\"action.keyword\",\"type\":\"string\",\"esTypes\":[\"keyword\"],\"count\":0,\"scripted\":false,\"searchable\":true,\"aggregatable\":true,\"readFromDocValues\":true,\"subType\":{\"multi\":{\"parent\":\"action\"}}},{\"name\":\"deviceidA\",\"type\":\"string\",\"esTypes\":[\"text\"],\"count\":0,\"scripted\":false,\"searchable\":true,\"aggregatable\":false,\"readFromDocValues\":false},{\"name\":\"deviceidA.keyword\",\"type\":\"string\",\"esTypes\":[\"keyword\"],\"count\":0,\"scripted\":false,\"searchable\":true,\"aggregatable\":true,\"readFromDocValues\":true,\"subType\":{\"multi\":{\"parent\":\"deviceidA\"}}},{\"name\":\"deviceidB\",\"type\":\"string\",\"esTypes\":[\"text\"],\"count\":0,\"scripted\":false,\"searchable\":true,\"aggregatable\":false,\"readFromDocValues\":false},{\"name\":\"deviceidB.keyword\",\"type\":\"string\",\"esTypes\":[\"keyword\"],\"count\":0,\"scripted\":false,\"searchable\":true,\"aggregatable\":true,\"readFromDocValues\":true,\"subType\":{\"multi\":{\"parent\":\"deviceidB\"}}},{\"name\":\"formatVersion\",\"type\":\"number\",\"esTypes\":[\"long\"],\"count\":0,\"scripted\":false,\"searchable\":true,\"aggregatable\":true,\"readFromDocValues\":true},{\"name\":\"httpRequest.args\",\"type\":\"string\",\"esTypes\":[\"text\"],\"count\":0,\"scripted\":false,\"searchable\":true,\"aggregatable\":false,\"readFromDocValues\":false},{\"name\":\"httpRequest.args.keyword\",\"type\":\"string\",\"esTypes\":[\"keyword\"],\"count\":0,\"scripted\":false,\"searchable\":true,\"aggregatable\":true,\"readFromDocValues\":true,\"subType\":{\"multi\":{\"parent\":\"httpRequest.args\"}}},{\"name\":\"httpRequest.clientIp\",\"type\":\"string\",\"esTypes\":[\"text\"],\"count\":0,\"scripted\":false,\"searchable\":true,\"aggregatable\":false,\"readFromDocValues\":false},{\"name\":\"httpRequest.clientIp.keyword\",\"type\":\"string\",\"esTypes\":[\"keyword\"],\"count\":0,\"scripted\":false,\"searchable\":true,\"aggregatable\":true,\"readFromDocValues\":true,\"subType\":{\"multi\":{\"parent\":\"httpRequest.clientIp\"}}},{\"name\":\"httpRequest.country\",\"type\":\"string\",\"esTypes\":[\"text\"],\"count\":0,\"scripted\":false,\"searchable\":true,\"aggregatable\":false,\"readFromDocValues\":false},{\"name\":\"httpRequest.country.keyword\",\"type\":\"string\",\"esTypes\":[\"keyword\"],\"count\":0,\"scripted\":false,\"searchable\":true,\"aggregatable\":true,\"readFromDocValues\":true,\"subType\":{\"multi\":{\"parent\":\"httpRequest.country\"}}},{\"name\":\"httpRequest.headers.name\",\"type\":\"string\",\"esTypes\":[\"text\"],\"count\":0,\"scripted\":false,\"searchable\":true,\"aggregatable\":false,\"readFromDocValues\":false},{\"name\":\"httpRequest.headers.name.keyword\",\"type\":\"string\",\"esTypes\":[\"keyword\"],\"count\":0,\"scripted\":false,\"searchable\":true,\"aggregatable\":true,\"readFromDocValues\":true,\"subType\":{\"multi\":{\"parent\":\"httpRequest.headers.name\"}}},{\"name\":\"httpRequest.headers.value\",\"type\":\"string\",\"esTypes\":[\"text\"],\"count\":0,\"scripted\":false,\"searchable\":true,\"aggregatable\":false,\"readFromDocValues\":false},{\"name\":\"httpRequest.headers.value.keyword\",\"type\":\"string\",\"esTypes\":[\"keyword\"],\"count\":0,\"scripted\":false,\"searchable\":true,\"aggregatable\":true,\"readFromDocValues\":true,\"subType\":{\"multi\":{\"parent\":\"httpRequest.headers.value\"}}},{\"name\":\"httpRequest.httpMethod\",\"type\":\"string\",\"esTypes\":[\"text\"],\"count\":0,\"scripted\":false,\"searchable\":true,\"aggregatable\":false,\"readFromDocValues\":false},{\"name\":\"httpRequest.httpMethod.keyword\",\"type\":\"string\",\"esTypes\":[\"keyword\"],\"count\":0,\"scripted\":false,\"searchable\":true,\"aggregatable\":true,\"readFromDocValues\":true,\"subType\":{\"multi\":{\"parent\":\"httpRequest.httpMethod\"}}},{\"name\":\"httpRequest.httpVersion\",\"type\":\"string\",\"esTypes\":[\"text\"],\"count\":0,\"scripted\":false,\"searchable\":true,\"aggregatable\":false,\"readFromDocValues\":false},{\"name\":\"httpRequest.httpVersion.keyword\",\"type\":\"string\",\"esTypes\":[\"keyword\"],\"count\":0,\"scripted\":false,\"searchable\":true,\"aggregatable\":true,\"readFromDocValues\":true,\"subType\":{\"multi\":{\"parent\":\"httpRequest.httpVersion\"}}},{\"name\":\"httpRequest.requestId\",\"type\":\"string\",\"esTypes\":[\"text\"],\"count\":0,\"scripted\":false,\"searchable\":true,\"aggregatable\":false,\"readFromDocValues\":false},{\"name\":\"httpRequest.requestId.keyword\",\"type\":\"string\",\"esTypes\":[\"keyword\"],\"count\":0,\"scripted\":false,\"searchable\":true,\"aggregatable\":true,\"readFromDocValues\":true,\"subType\":{\"multi\":{\"parent\":\"httpRequest.requestId\"}}},{\"name\":\"httpRequest.uri\",\"type\":\"string\",\"esTypes\":[\"text\"],\"count\":0,\"scripted\":false,\"searchable\":true,\"aggregatable\":false,\"readFromDocValues\":false},{\"name\":\"httpRequest.uri.keyword\",\"type\":\"string\",\"esTypes\":[\"keyword\"],\"count\":0,\"scripted\":false,\"searchable\":true,\"aggregatable\":true,\"readFromDocValues\":true,\"subType\":{\"multi\":{\"parent\":\"httpRequest.uri\"}}},{\"name\":\"httpSourceId\",\"type\":\"string\",\"esTypes\":[\"text\"],\"count\":0,\"scripted\":false,\"searchable\":true,\"aggregatable\":false,\"readFromDocValues\":false},{\"name\":\"httpSourceId.keyword\",\"type\":\"string\",\"esTypes\":[\"keyword\"],\"count\":0,\"scripted\":false,\"searchable\":true,\"aggregatable\":true,\"readFromDocValues\":true,\"subType\":{\"multi\":{\"parent\":\"httpSourceId\"}}},{\"name\":\"httpSourceName\",\"type\":\"string\",\"esTypes\":[\"text\"],\"count\":0,\"scripted\":false,\"searchable\":true,\"aggregatable\":false,\"readFromDocValues\":false},{\"name\":\"httpSourceName.keyword\",\"type\":\"string\",\"esTypes\":[\"keyword\"],\"count\":0,\"scripted\":false,\"searchable\":true,\"aggregatable\":true,\"readFromDocValues\":true,\"subType\":{\"multi\":{\"parent\":\"httpSourceName\"}}},{\"name\":\"rateBasedRuleList.limitKey\",\"type\":\"string\",\"esTypes\":[\"text\"],\"count\":0,\"scripted\":false,\"searchable\":true,\"aggregatable\":false,\"readFromDocValues\":false},{\"name\":\"rateBasedRuleList.limitKey.keyword\",\"type\":\"string\",\"esTypes\":[\"keyword\"],\"count\":0,\"scripted\":false,\"searchable\":true,\"aggregatable\":true,\"readFromDocValues\":true,\"subType\":{\"multi\":{\"parent\":\"rateBasedRuleList.limitKey\"}}},{\"name\":\"rateBasedRuleList.limitValue\",\"type\":\"string\",\"esTypes\":[\"text\"],\"count\":0,\"scripted\":false,\"searchable\":true,\"aggregatable\":false,\"readFromDocValues\":false},{\"name\":\"rateBasedRuleList.limitValue.keyword\",\"type\":\"string\",\"esTypes\":[\"keyword\"],\"count\":0,\"scripted\":false,\"searchable\":true,\"aggregatable\":true,\"readFromDocValues\":true,\"subType\":{\"multi\":{\"parent\":\"rateBasedRuleList.limitValue\"}}},{\"name\":\"rateBasedRuleList.maxRateAllowed\",\"type\":\"number\",\"esTypes\":[\"long\"],\"count\":0,\"scripted\":false,\"searchable\":true,\"aggregatable\":true,\"readFromDocValues\":true},{\"name\":\"rateBasedRuleList.rateBasedRuleId\",\"type\":\"string\",\"esTypes\":[\"text\"],\"count\":0,\"scripted\":false,\"searchable\":true,\"aggregatable\":false,\"readFromDocValues\":false},{\"name\":\"rateBasedRuleList.rateBasedRuleId.keyword\",\"type\":\"string\",\"esTypes\":[\"keyword\"],\"count\":0,\"scripted\":false,\"searchable\":true,\"aggregatable\":true,\"readFromDocValues\":true,\"subType\":{\"multi\":{\"parent\":\"rateBasedRuleList.rateBasedRuleId\"}}},{\"name\":\"rateBasedRuleList.rateBasedRuleName\",\"type\":\"string\",\"esTypes\":[\"text\"],\"count\":0,\"scripted\":false,\"searchable\":true,\"aggregatable\":false,\"readFromDocValues\":false},{\"name\":\"rateBasedRuleList.rateBasedRuleName.keyword\",\"type\":\"string\",\"esTypes\":[\"keyword\"],\"count\":0,\"scripted\":false,\"searchable\":true,\"aggregatable\":true,\"readFromDocValues\":true,\"subType\":{\"multi\":{\"parent\":\"rateBasedRuleList.rateBasedRuleName\"}}},{\"name\":\"terminatingRuleId\",\"type\":\"string\",\"esTypes\":[\"text\"],\"count\":0,\"scripted\":false,\"searchable\":true,\"aggregatable\":false,\"readFromDocValues\":false},{\"name\":\"terminatingRuleId.keyword\",\"type\":\"string\",\"esTypes\":[\"keyword\"],\"count\":0,\"scripted\":false,\"searchable\":true,\"aggregatable\":true,\"readFromDocValues\":true,\"subType\":{\"multi\":{\"parent\":\"terminatingRuleId\"}}},{\"name\":\"terminatingRuleType\",\"type\":\"string\",\"esTypes\":[\"text\"],\"count\":0,\"scripted\":false,\"searchable\":true,\"aggregatable\":false,\"readFromDocValues\":false},{\"name\":\"terminatingRuleType.keyword\",\"type\":\"string\",\"esTypes\":[\"keyword\"],\"count\":0,\"scripted\":false,\"searchable\":true,\"aggregatable\":true,\"readFromDocValues\":true,\"subType\":{\"multi\":{\"parent\":\"terminatingRuleType\"}}},{\"name\":\"timestamp\",\"type\":\"date\",\"esTypes\":[\"date\"],\"count\":0,\"scripted\":false,\"searchable\":true,\"aggregatable\":true,\"readFromDocValues\":true},{\"name\":\"webaclId\",\"type\":\"string\",\"esTypes\":[\"text\"],\"count\":0,\"scripted\":false,\"searchable\":true,\"aggregatable\":false,\"readFromDocValues\":false},{\"name\":\"webaclId.keyword\",\"type\":\"string\",\"esTypes\":[\"keyword\"],\"count\":0,\"scripted\":false,\"searchable\":true,\"aggregatable\":true,\"readFromDocValues\":true,\"subType\":{\"multi\":{\"parent\":\"webaclId\"}}},{\"name\":\"webaclname\",\"type\":\"string\",\"count\":1,\"scripted\":true,\"script\":\"def webacl = doc['webaclId.keyword'].value;\\n\\n if (webacl == \\\"cddd262b-cf7b-437d-a2d4-c3cc70cf3761\\\") { return \\\"calalang-web-acl\\\";}\\nif (webacl == \\\"arn:aws:wafv2:us-east-1:089207421232:global/webacl/deviceIdAcl/8e3d4b1c-80af-4b66-8979-68e4004ec07e\\\") { return \\\"deviceIdAcl\\\";}\\n \\n\\n\\n return webacl;\\n\",\"lang\":\"painless\",\"searchable\":true,\"aggregatable\":true,\"readFromDocValues\":false},{\"name\":\"rulename\",\"type\":\"string\",\"count\":1,\"scripted\":true,\"script\":\"def rule = doc['terminatingRuleId.keyword'].value;\\n\\n  \\n\\n\\n return rule;\\n\",\"lang\":\"painless\",\"searchable\":true,\"aggregatable\":true,\"readFromDocValues\":false},{\"name\":\"Host\",\"type\":\"string\",\"count\":1,\"scripted\":true,\"script\":\"def header_name;\\nfor(int i=0; i<params._source.httpRequest.headers.length; i++) { \\nheader_name = params._source.httpRequest.headers[i].name;\\n\\nif (header_name == \\\"Host\\\") {\\nreturn params._source.httpRequest.headers[i].value\\n}\\n}\\n\",\"lang\":\"painless\",\"searchable\":true,\"aggregatable\":true,\"readFromDocValues\":false},{\"name\":\"UserAgent\",\"type\":\"string\",\"count\":1,\"scripted\":true,\"script\":\"def header_name;\\nfor(int i=0; i<params._source.httpRequest.headers.length; i++) { \\nheader_name = params._source.httpRequest.headers[i].name.toLowerCase();\\n\\nif (header_name == \\\"user-agent\\\") {\\nreturn params._source.httpRequest.headers[i].value\\n}\\n}\\n\",\"lang\":\"painless\",\"searchable\":true,\"aggregatable\":true,\"readFromDocValues\":false}]",
      "timeFieldName":"timestamp",
      "title": "awswaf-*"
    },
    "id": "awswaf",
    "type": "index-pattern"
  },
  {
    "attributes": {
      "description": "",
      "kibanaSavedObjectMeta": {
        "searchSourceJSON": "{\"index\":\"awswaf\",\"query\":{\"query\":\"\",\"language\":\"lucene\"},\"filter\":[]}"
      },
      "title": "Top 10 Device-IdB",
      "uiStateJSON": "{\"vis\":{\"params\":{\"sort\":{\"columnIndex\":0,\"direction\":\"desc\"}}}}",
      "version": 1,
      "visState": "{\"title\":\"Top 10 Device-IdB\",\"type\":\"table\",\"aggs\":[{\"id\":\"1\",\"enabled\":true,\"type\":\"count\",\"params\":{},\"schema\":\"metric\"},{\"id\":\"2\",\"enabled\":true,\"type\":\"terms\",\"params\":{\"field\":\"deviceidB.keyword\",\"orderBy\":\"1\",\"order\":\"desc\",\"size\":10,\"otherBucket\":false,\"otherBucketLabel\":\"Other\",\"missingBucket\":false,\"missingBucketLabel\":\"Missing\",\"customLabel\":\"\"},\"schema\":\"bucket\"}],\"params\":{\"perPage\":10,\"showPartialRows\":false,\"showMetricsAtAllLevels\":false,\"sort\":{\"columnIndex\":null,\"direction\":null},\"showTotal\":false,\"totalFunc\":\"sum\",\"percentageCol\":\"\"}}"
    },
    "id": "DeviceIdB",
    "type": "visualization"
  },
  {
    "attributes": {
      "description": "",
      "kibanaSavedObjectMeta": {
        "searchSourceJSON": "{\"index\":\"awswaf\",\"query\":{\"query\":\"\",\"language\":\"lucene\"},\"filter\":[]}"
      },
      "title": "Top 10 Device-IdA",
      "uiStateJSON": "{\"vis\":{\"params\":{\"sort\":{\"columnIndex\":null,\"direction\":null}}}}",
      "version": 1,
      "visState": "{\"title\":\"Top 10 Device-IdA\",\"type\":\"table\",\"params\":{\"perPage\":10,\"showPartialRows\":false,\"showMetricsAtAllLevels\":false,\"sort\":{\"columnIndex\":null,\"direction\":null},\"showTotal\":false,\"totalFunc\":\"sum\"},\"aggs\":[{\"id\":\"1\",\"enabled\":true,\"type\":\"count\",\"schema\":\"metric\",\"params\":{}},{\"id\":\"2\",\"enabled\":true,\"type\":\"terms\",\"schema\":\"bucket\",\"params\":{\"field\":\"deviceidA.keyword\",\"size\":10,\"order\":\"desc\",\"orderBy\":\"1\",\"otherBucket\":false,\"otherBucketLabel\":\"Other\",\"missingBucket\":false,\"missingBucketLabel\":\"Missing\",\"customLabel\":\"Device-ID-A\"}}]}"
    },
    "id": "Top 10 Device-IdA",
    "type": "visualization"
  },
  {
    "attributes": {
      "description": "",
      "kibanaSavedObjectMeta": {
        "searchSourceJSON": "{\"index\":\"awswaf\",\"query\":{\"query\":\"\",\"language\":\"lucene\"},\"filter\":[]}"
      },
      "title": "Countries By Number of Request",
      "uiStateJSON": "{}",
      "version": 1,
      "visState": "{\"title\":\"Countries By Number of Request\",\"type\":\"region_map\",\"aggs\":[{\"id\":\"1\",\"enabled\":true,\"type\":\"count\",\"params\":{},\"schema\":\"metric\"},{\"id\":\"2\",\"enabled\":true,\"type\":\"terms\",\"params\":{\"field\":\"httpRequest.country.keyword\",\"orderBy\":\"1\",\"order\":\"desc\",\"size\":5,\"otherBucket\":false,\"otherBucketLabel\":\"Other\",\"missingBucket\":false,\"missingBucketLabel\":\"Missing\",\"exclude\":\"-\",\"customLabel\":\"Country\"},\"schema\":\"segment\"}],\"params\":{\"legendPosition\":\"bottomright\",\"addTooltip\":true,\"colorSchema\":\"Yellow to Red\",\"selectedLayer\":{\"name\":\"World Countries\",\"origin\":\"elastic_maps_service\",\"id\":\"world_countries\",\"created_at\":\"2017-04-26T17:12:15.978370\",\"attribution\":\"<a href=\\\"http://www.naturalearthdata.com/about/terms-of-use\\\">Made with NaturalEarth</a> | <a href=\\\"https://www.elastic.co/elastic-maps-service\\\">Elastic Maps Service</a>\",\"fields\":[{\"type\":\"id\",\"name\":\"iso2\",\"description\":\"ISO 3166-1 alpha-2 code\"},{\"type\":\"id\",\"name\":\"iso3\",\"description\":\"ISO 3166-1 alpha-3 code\"},{\"type\":\"property\",\"name\":\"name\",\"description\":\"name\"}],\"format\":{\"type\":\"geojson\"},\"layerId\":\"elastic_maps_service.World Countries\",\"isEMS\":true},\"emsHotLink\":\"https://maps.elastic.co/v6.7?locale=en#file/world_countries\",\"selectedJoinField\":{\"type\":\"id\",\"name\":\"iso2\",\"description\":\"ISO 3166-1 alpha-2 code\"},\"isDisplayWarning\":true,\"wms\":{\"enabled\":false,\"options\":{\"format\":\"image/png\",\"transparent\":true},\"selectedTmsLayer\":{\"default\":true,\"minZoom\":0,\"maxZoom\":10,\"attribution\":\"\",\"id\":\"TMS in config/kibana.yml\",\"origin\":\"self_hosted\"}},\"mapZoom\":2,\"mapCenter\":[0,0],\"outlineWeight\":1,\"showAllShapes\":true}}"
    },
    "id": "allcountries",
    "type": "visualization"
  },
  {
    "attributes": {
      "description": "",
      "kibanaSavedObjectMeta": {
        "searchSourceJSON": "{\"query\":{\"language\":\"lucene\",\"query\":\"\"},\"filter\":[]}"
      },
      "title": "Allowed vs Blocked Requests",
      "uiStateJSON": "{}",
      "version": 1,
      "visState": "{\"title\":\"Allowed vs Blocked Requests\",\"type\":\"timelion\",\"aggs\":[],\"params\":{\"expression\":\".es(timefield=timestamp, q='action:ALLOW').label(\\\"Allowed Requests\\\").color(#009933), .es(timefield=timestamp, q='action:BLOCK').label(\\\"Blocked Requests\\\").color(#cc0000)\",\"interval\":\"1m\"}}"
    },
    "id": "allvsblockedrequests",
    "type": "visualization"
  },
  {
    "attributes": {
      "description": "",
      "kibanaSavedObjectMeta": {
        "searchSourceJSON": "{\"index\":\"awswaf\",\"query\":{\"query\":\"\",\"language\":\"lucene\"},\"filter\":[]}"
      },
      "title": "Top 10 IP Addresses",
      "uiStateJSON": "{\"vis\":{\"params\":{\"sort\":{\"columnIndex\":null,\"direction\":null}}}}",
      "version": 1,
      "visState": "{\"title\":\"Top 10 IP Addresses\",\"type\":\"table\",\"params\":{\"perPage\":10,\"showPartialRows\":false,\"showMetricsAtAllLevels\":false,\"sort\":{\"columnIndex\":null,\"direction\":null},\"showTotal\":false,\"totalFunc\":\"sum\"},\"aggs\":[{\"id\":\"1\",\"enabled\":true,\"type\":\"count\",\"schema\":\"metric\",\"params\":{}},{\"id\":\"2\",\"enabled\":true,\"type\":\"terms\",\"schema\":\"bucket\",\"params\":{\"field\":\"httpRequest.clientIp.keyword\",\"size\":10,\"order\":\"desc\",\"orderBy\":\"1\",\"otherBucket\":false,\"otherBucketLabel\":\"Other\",\"missingBucket\":false,\"missingBucketLabel\":\"Missing\",\"customLabel\":\"Client IP Address\"}}]}"
    },
    "id": "top10ip",
    "type": "visualization"
  },
  {
    "attributes": {
      "description": "",
      "kibanaSavedObjectMeta": {
        "searchSourceJSON": "{\"index\":\"awswaf\",\"query\":{\"query\":\"\",\"language\":\"lucene\"},\"filter\":[]}"
      },
      "title": "Number of All Requests",
      "uiStateJSON": "{}",
      "version": 1,
      "visState": "{\"title\":\"Number of All Requests\",\"type\":\"metric\",\"params\":{\"addLegend\":false,\"addTooltip\":true,\"metric\":{\"colorSchema\":\"Green to Red\",\"colorsRange\":[{\"from\":0,\"to\":10000}],\"invertColors\":false,\"labels\":{\"show\":false},\"metricColorMode\":\"None\",\"percentageMode\":false,\"style\":{\"bgColor\":false,\"bgFill\":\"#000\",\"fontSize\":30,\"labelColor\":false,\"subText\":\"\"},\"useRanges\":false},\"type\":\"metric\"},\"aggs\":[{\"id\":\"1\",\"enabled\":true,\"type\":\"count\",\"schema\":\"metric\",\"params\":{\"customLabel\":\"\"}}]}"
    },
    "id": "numberofallrequests",
    "type": "visualization"
  },
  {
    "attributes": {
      "description": "",
      "kibanaSavedObjectMeta": {
        "searchSourceJSON": "{\"index\":\"awswaf\",\"query\":{\"query\":\"\",\"language\":\"lucene\"},\"filter\":[]}"
      },
      "title": "Number of Blocked Requests",
      "uiStateJSON": "{}",
      "version": 1,
      "visState": "{\"title\":\"Number of Blocked Requests\",\"type\":\"metric\",\"aggs\":[{\"id\":\"1\",\"enabled\":true,\"type\":\"count\",\"params\":{},\"schema\":\"metric\"}],\"params\":{\"addTooltip\":true,\"addLegend\":false,\"type\":\"metric\",\"metric\":{\"percentageMode\":false,\"useRanges\":false,\"colorSchema\":\"Green to Red\",\"metricColorMode\":\"None\",\"colorsRange\":[{\"from\":0,\"to\":10000}],\"labels\":{\"show\":false},\"invertColors\":false,\"style\":{\"bgFill\":\"#000\",\"bgColor\":false,\"labelColor\":false,\"subText\":\"\",\"fontSize\":30}}}}"
    },
    "id": "numberofblockedrequests",
    "migrationVersion": {
      "visualization": "7.8.0"
    },
    "type": "visualization"
  },
  {
    "attributes": {
      "description": "",
      "kibanaSavedObjectMeta": {
        "searchSourceJSON": "{\"index\":\"awswaf\",\"query\":{\"query\":\"\",\"language\":\"lucene\"},\"filter\":[]}"
      },
      "title": "Executed WAF Rules",
      "uiStateJSON": "{}",
      "version": 1,
      "visState": "{\"title\":\"Executed WAF Rules\",\"type\":\"pie\",\"params\":{\"type\":\"pie\",\"addTooltip\":true,\"addLegend\":true,\"legendPosition\":\"right\",\"isDonut\":true,\"labels\":{\"show\":false,\"values\":true,\"last_level\":true,\"truncate\":100}},\"aggs\":[{\"id\":\"1\",\"enabled\":true,\"type\":\"count\",\"schema\":\"metric\",\"params\":{}},{\"id\":\"2\",\"enabled\":true,\"type\":\"terms\",\"schema\":\"segment\",\"params\":{\"field\":\"rulename\",\"size\":5,\"order\":\"desc\",\"orderBy\":\"1\",\"otherBucket\":false,\"otherBucketLabel\":\"Other\",\"missingBucket\":false,\"missingBucketLabel\":\"Missing\"}}]}"
    },
    "id": "executedrules",
    "type": "visualization"
  },
  {
    "attributes": {
      "description": "",
      "kibanaSavedObjectMeta": {
        "searchSourceJSON": "{\"query\":{\"language\":\"lucene\",\"query\":\"\"},\"filter\":[]}"
      },
      "title": "Filters",
      "uiStateJSON": "{}",
      "version": 1,
      "visState": "{\"title\":\"Filters\",\"type\":\"input_control_vis\",\"params\":{\"controls\":[{\"fieldName\":\"webaclname\",\"id\":\"1565169719620\",\"indexPattern\":\"awswaf\",\"label\":\"WebACL\",\"options\":{\"dynamicOptions\":true,\"multiselect\":true,\"order\":\"desc\",\"size\":5,\"type\":\"terms\"},\"parent\":\"\",\"type\":\"list\"},{\"fieldName\":\"rulename\",\"id\":\"1565169760470\",\"indexPattern\":\"awswaf\",\"label\":\"Rule\",\"options\":{\"dynamicOptions\":true,\"multiselect\":true,\"order\":\"desc\",\"size\":5,\"type\":\"terms\"},\"parent\":\"\",\"type\":\"list\"},{\"fieldName\":\"action.keyword\",\"id\":\"1565169899571\",\"indexPattern\":\"awswaf\",\"label\":\"Action\",\"options\":{\"dynamicOptions\":true,\"multiselect\":true,\"order\":\"desc\",\"size\":5,\"type\":\"terms\"},\"parent\":\"\",\"type\":\"list\"},{\"fieldName\":\"httpRequest.country.keyword\",\"id\":\"1565170498755\",\"indexPattern\":\"awswaf\",\"label\":\"Country\",\"options\":{\"dynamicOptions\":true,\"multiselect\":true,\"order\":\"desc\",\"size\":5,\"type\":\"terms\"},\"parent\":\"\",\"type\":\"list\"},{\"fieldName\":\"httpRequest.clientIp\",\"id\":\"1565170536048\",\"indexPattern\":\"awswaf\",\"label\":\"Client IP\",\"options\":{\"dynamicOptions\":true,\"multiselect\":false,\"order\":\"desc\",\"size\":5,\"type\":\"terms\"},\"parent\":\"\",\"type\":\"list\"},{\"id\":\"1565182161719\",\"indexPattern\":\"awswaf\",\"fieldName\":\"Host\",\"parent\":\"\",\"label\":\"Host\",\"type\":\"list\",\"options\":{\"type\":\"terms\",\"multiselect\":true,\"dynamicOptions\":true,\"size\":5,\"order\":\"desc\"}},{\"id\":\"1565775477773\",\"indexPattern\":\"awswaf\",\"fieldName\":\"terminatingRuleType.keyword\",\"parent\":\"\",\"label\":\"Rule Type\",\"type\":\"list\",\"options\":{\"type\":\"terms\",\"multiselect\":false,\"dynamicOptions\":true,\"size\":5,\"order\":\"desc\"}}],\"pinFilters\":true,\"updateFiltersOnChange\":true,\"useTimeFilter\":false},\"aggs\":[]}"
    },
    "id": "filters",
    "type": "visualization"
  },
  {
    "attributes": {
      "description": "",
      "kibanaSavedObjectMeta": {
        "searchSourceJSON": "{\"index\":\"awswaf\",\"query\":{\"query\":\"\",\"language\":\"lucene\"},\"filter\":[]}"
      },
      "title": "Top 10 Countries",
      "uiStateJSON": "{\"vis\":{\"params\":{\"sort\":{\"columnIndex\":null,\"direction\":null}}}}",
      "version": 1,
      "visState": "{\"title\":\"Top 10 Countries\",\"type\":\"table\",\"params\":{\"perPage\":10,\"showPartialRows\":false,\"showMetricsAtAllLevels\":false,\"sort\":{\"columnIndex\":null,\"direction\":null},\"showTotal\":false,\"totalFunc\":\"sum\"},\"aggs\":[{\"id\":\"1\",\"enabled\":true,\"type\":\"count\",\"schema\":\"metric\",\"params\":{}},{\"id\":\"2\",\"enabled\":true,\"type\":\"terms\",\"schema\":\"bucket\",\"params\":{\"field\":\"httpRequest.country.keyword\",\"size\":10,\"order\":\"desc\",\"orderBy\":\"1\",\"otherBucket\":false,\"otherBucketLabel\":\"Other\",\"missingBucket\":false,\"missingBucketLabel\":\"Missing\",\"customLabel\":\"Country\"}}]}"
    },
    "id": "top10countries",
    "type": "visualization"
  },
  {
    "attributes": {
      "description": "",
      "kibanaSavedObjectMeta": {
        "searchSourceJSON": "{\"index\":\"awswaf\",\"query\":{\"query\":\"\",\"language\":\"lucene\"},\"filter\":[]}"
      },
      "title": "Top 10 User-Agents",
      "uiStateJSON": "{\"vis\":{\"params\":{\"sort\":{\"columnIndex\":null,\"direction\":null}}}}",
      "version": 1,
      "visState": "{\"title\":\"Top 10 User-Agents\",\"type\":\"table\",\"aggs\":[{\"id\":\"1\",\"enabled\":true,\"type\":\"count\",\"params\":{},\"schema\":\"metric\"},{\"id\":\"2\",\"enabled\":true,\"type\":\"terms\",\"params\":{\"field\":\"UserAgent\",\"orderBy\":\"1\",\"order\":\"desc\",\"size\":10,\"otherBucket\":false,\"otherBucketLabel\":\"Other\",\"missingBucket\":false,\"missingBucketLabel\":\"Missing\",\"customLabel\":\"User-Agent\"},\"schema\":\"bucket\"}],\"params\":{\"perPage\":10,\"showPartialRows\":false,\"showMetricsAtAllLevels\":false,\"sort\":{\"columnIndex\":null,\"direction\":null},\"showTotal\":false,\"totalFunc\":\"sum\",\"percentageCol\":\"\"}}"
    },
    "id": "top10useragents",
    "type": "visualization"
  },
  {
    "attributes": {
      "description": "",
      "kibanaSavedObjectMeta": {
        "searchSourceJSON": "{\"index\":\"awswaf\",\"query\":{\"language\":\"lucene\",\"query\":\"\"},\"filter\":[]}"
      },
      "title": "HTTP Methods",
      "uiStateJSON": "{}",
      "version": 1,
      "visState": "{\"title\":\"HTTP Methods\",\"type\":\"pie\",\"params\":{\"type\":\"pie\",\"addTooltip\":true,\"addLegend\":true,\"legendPosition\":\"right\",\"isDonut\":true,\"labels\":{\"show\":false,\"values\":true,\"last_level\":true,\"truncate\":100}},\"aggs\":[{\"id\":\"1\",\"enabled\":true,\"type\":\"count\",\"schema\":\"metric\",\"params\":{}},{\"id\":\"2\",\"enabled\":true,\"type\":\"terms\",\"schema\":\"segment\",\"params\":{\"field\":\"httpRequest.httpMethod.keyword\",\"size\":10,\"order\":\"desc\",\"orderBy\":\"1\",\"otherBucket\":false,\"otherBucketLabel\":\"Other\",\"missingBucket\":false,\"missingBucketLabel\":\"Missing\",\"customLabel\":\"\"}}]}"
    },
    "id": "httpmethods",
    "type": "visualization"
  },
  {
    "attributes": {
      "description": "",
      "kibanaSavedObjectMeta": {
        "searchSourceJSON": "{\"index\":\"awswaf\",\"query\":{\"query\":\"\",\"language\":\"lucene\"},\"filter\":[]}"
      },
      "title": "HTTP Versions",
      "uiStateJSON": "{}",
      "version": 1,
      "visState": "{\"title\":\"HTTP Versions\",\"type\":\"pie\",\"params\":{\"type\":\"pie\",\"addTooltip\":true,\"addLegend\":true,\"legendPosition\":\"right\",\"isDonut\":true,\"labels\":{\"show\":false,\"values\":true,\"last_level\":true,\"truncate\":100}},\"aggs\":[{\"id\":\"1\",\"enabled\":true,\"type\":\"count\",\"schema\":\"metric\",\"params\":{}},{\"id\":\"2\",\"enabled\":true,\"type\":\"terms\",\"schema\":\"segment\",\"params\":{\"field\":\"httpRequest.httpVersion.keyword\",\"size\":10,\"order\":\"desc\",\"orderBy\":\"1\",\"otherBucket\":false,\"otherBucketLabel\":\"Other\",\"missingBucket\":false,\"missingBucketLabel\":\"Missing\"}}]}"
    },
    "id": "httpversions",
    "type": "visualization"
  },
  {
    "attributes": {
      "description": "",
      "kibanaSavedObjectMeta": {
        "searchSourceJSON": "{\"index\":\"awswaf\",\"query\":{\"query\":\"\",\"language\":\"lucene\"},\"filter\":[]}"
      },
      "title": "Unique IP Count",
      "uiStateJSON": "{}",
      "version": 1,
      "visState": "{\"title\":\"Unique IP Count\",\"type\":\"metric\",\"params\":{\"addTooltip\":true,\"addLegend\":false,\"type\":\"metric\",\"metric\":{\"percentageMode\":false,\"useRanges\":false,\"colorSchema\":\"Green to Red\",\"metricColorMode\":\"None\",\"colorsRange\":[{\"from\":0,\"to\":10000}],\"labels\":{\"show\":false},\"invertColors\":false,\"style\":{\"bgFill\":\"#000\",\"bgColor\":false,\"labelColor\":false,\"subText\":\"\",\"fontSize\":30}}},\"aggs\":[{\"id\":\"1\",\"enabled\":true,\"type\":\"cardinality\",\"schema\":\"metric\",\"params\":{\"field\":\"httpRequest.clientIp.keyword\"}}]}"
    },
    "id": "uniqueipcount",
    "type": "visualization"
  },
  {
    "attributes": {
      "description": "",
      "kibanaSavedObjectMeta": {
        "searchSourceJSON": "{\"query\":{\"query\":\"\",\"language\":\"lucene\"},\"filter\":[]}"
      },
      "title": "Requests Count",
      "uiStateJSON": "{}",
      "version": 1,
      "visState": "{\"title\":\"Requests Count\",\"type\":\"timelion\",\"params\":{\"expression\":\".es(timefield=timestamp).label(\\\"Requests Count\\\").color(#AA9933)\",\"interval\":\"auto\"},\"aggs\":[]}"
    },
    "id": "requestcount",
    "type": "visualization"
  },
  {
    "attributes": {
      "description": "",
      "kibanaSavedObjectMeta": {
        "searchSourceJSON": "{\"index\":\"awswaf\",\"query\":{\"query\":\"\",\"language\":\"lucene\"},\"filter\":[]}"
      },
      "title": "Top 10 DeviceIdA",
      "uiStateJSON": "{\"vis\":{\"params\":{\"sort\":{\"columnIndex\":null,\"direction\":null}}}}",
      "version": 1,
      "visState": "{\"title\":\"Top 10 DeviceIdA\",\"type\":\"table\",\"aggs\":[{\"id\":\"1\",\"enabled\":true,\"type\":\"count\",\"params\":{},\"schema\":\"metric\"},{\"id\":\"2\",\"enabled\":true,\"type\":\"terms\",\"params\":{\"field\":\"deviceidA.keyword\",\"orderBy\":\"1\",\"order\":\"desc\",\"size\":10,\"otherBucket\":false,\"otherBucketLabel\":\"Other\",\"missingBucket\":false,\"missingBucketLabel\":\"Missing\",\"customLabel\":\"Host\"},\"schema\":\"bucket\"}],\"params\":{\"perPage\":10,\"showPartialRows\":false,\"showMetricsAtAllLevels\":false,\"sort\":{\"columnIndex\":null,\"direction\":null},\"showTotal\":false,\"totalFunc\":\"sum\",\"percentageCol\":\"\"}}"
    },
    "id": "top10hosts",
    "type": "visualization"
  },
  {
    "attributes": {
      "description": "",
      "kibanaSavedObjectMeta": {
        "searchSourceJSON": "{\"index\":\"awswaf\",\"query\":{\"query\":\"\",\"language\":\"lucene\"},\"filter\":[]}"
      },
      "title": "Top 10 WebACL",
      "uiStateJSON": "{\"vis\":{\"params\":{\"sort\":{\"columnIndex\":null,\"direction\":null}}}}",
      "version": 1,
      "visState": "{\"title\":\"Top 10 WebACL\",\"type\":\"table\",\"params\":{\"perPage\":10,\"showPartialRows\":false,\"showMetricsAtAllLevels\":false,\"sort\":{\"columnIndex\":null,\"direction\":null},\"showTotal\":false,\"totalFunc\":\"sum\"},\"aggs\":[{\"id\":\"1\",\"enabled\":true,\"type\":\"count\",\"schema\":\"metric\",\"params\":{}},{\"id\":\"2\",\"enabled\":true,\"type\":\"terms\",\"schema\":\"bucket\",\"params\":{\"field\":\"webaclname\",\"size\":10,\"order\":\"desc\",\"orderBy\":\"1\",\"otherBucket\":false,\"otherBucketLabel\":\"Other\",\"missingBucket\":false,\"missingBucketLabel\":\"Missing\",\"customLabel\":\"WebACL Name\"}}]}"
    },
    "id": "top10webacl",
    "type": "visualization"
  },
  {
    "attributes": {
      "description": "",
      "kibanaSavedObjectMeta": {
        "searchSourceJSON": "{\"index\":\"awswaf\",\"query\":{\"query\":\"\",\"language\":\"lucene\"},\"filter\":[]}"
      },
      "title": "Top 10 Rules",
      "uiStateJSON": "{\"vis\":{\"params\":{\"sort\":{\"columnIndex\":null,\"direction\":null}}}}",
      "version": 1,
      "visState": "{\"title\":\"Top 10 Rules\",\"type\":\"table\",\"params\":{\"perPage\":10,\"showPartialRows\":false,\"showMetricsAtAllLevels\":false,\"sort\":{\"columnIndex\":null,\"direction\":null},\"showTotal\":false,\"totalFunc\":\"sum\"},\"aggs\":[{\"id\":\"1\",\"enabled\":true,\"type\":\"count\",\"schema\":\"metric\",\"params\":{}},{\"id\":\"2\",\"enabled\":true,\"type\":\"terms\",\"schema\":\"bucket\",\"params\":{\"field\":\"rulename\",\"size\":10,\"order\":\"desc\",\"orderBy\":\"1\",\"otherBucket\":false,\"otherBucketLabel\":\"Other\",\"missingBucket\":false,\"missingBucketLabel\":\"Missing\",\"customLabel\":\"Rule Name\"}}]}"
    },
    "id": "top10rules",
    "type": "visualization"
  },
  {
    "attributes": {
      "description": "",
      "kibanaSavedObjectMeta": {
        "searchSourceJSON": "{\"index\":\"awswaf\",\"query\":{\"query\":\"\",\"language\":\"lucene\"},\"filter\":[]}"
      },
      "title": "Top 10 URI",
      "uiStateJSON": "{\"vis\":{\"params\":{\"sort\":{\"columnIndex\":0,\"direction\":null}}}}",
      "version": 1,
      "visState": "{\"title\":\"Top 10 URI\",\"type\":\"table\",\"params\":{\"perPage\":10,\"showPartialRows\":false,\"showMetricsAtAllLevels\":false,\"sort\":{\"columnIndex\":0,\"direction\":null},\"showTotal\":false,\"totalFunc\":\"sum\"},\"aggs\":[{\"id\":\"1\",\"enabled\":true,\"type\":\"count\",\"schema\":\"metric\",\"params\":{}},{\"id\":\"2\",\"enabled\":true,\"type\":\"terms\",\"schema\":\"bucket\",\"params\":{\"field\":\"httpRequest.uri.keyword\",\"size\":10,\"order\":\"desc\",\"orderBy\":\"1\",\"otherBucket\":false,\"otherBucketLabel\":\"Other\",\"missingBucket\":false,\"missingBucketLabel\":\"Missing\",\"customLabel\":\"URI\"}}]}"
    },
    "id": "top10uris",
    "type": "visualization"
  },
  {
    "id": "WAFDashboard",
    "type": "dashboard",
    "attributes": {
      "title": "WAFDashboard",
      "hits": 0,
      "description": "",
      "panelsJSON": "[{\"embeddableConfig\":{},\"gridData\":{\"h\":16,\"i\":\"1\",\"w\":8,\"x\":21,\"y\":53},\"id\":\"top10ip\",\"panelIndex\":\"1\",\"type\":\"visualization\",\"version\":\"6.7.0\"},{\"embeddableConfig\":{},\"gridData\":{\"h\":5,\"i\":\"2\",\"w\":8,\"x\":15,\"y\":0},\"id\":\"numberofallrequests\",\"panelIndex\":\"2\",\"type\":\"visualization\",\"version\":\"6.7.0\"},{\"embeddableConfig\":{},\"gridData\":{\"h\":5,\"i\":\"3\",\"w\":8,\"x\":15,\"y\":5},\"id\":\"numberofblockedrequests\",\"panelIndex\":\"3\",\"type\":\"visualization\",\"version\":\"6.7.0\"},{\"embeddableConfig\":{},\"gridData\":{\"h\":10,\"i\":\"4\",\"w\":25,\"x\":23,\"y\":0},\"id\":\"allvsblockedrequests\",\"panelIndex\":\"4\",\"type\":\"visualization\",\"version\":\"6.7.0\"},{\"embeddableConfig\":{},\"gridData\":{\"h\":17,\"i\":\"6\",\"w\":48,\"x\":0,\"y\":19},\"id\":\"allcountries\",\"panelIndex\":\"6\",\"type\":\"visualization\",\"version\":\"6.7.0\"},{\"embeddableConfig\":{},\"gridData\":{\"h\":10,\"i\":\"8\",\"w\":15,\"x\":0,\"y\":0},\"id\":\"executedrules\",\"panelIndex\":\"8\",\"type\":\"visualization\",\"version\":\"6.7.0\"},{\"embeddableConfig\":{},\"gridData\":{\"h\":9,\"i\":\"9\",\"w\":48,\"x\":0,\"y\":10},\"id\":\"filters\",\"panelIndex\":\"9\",\"type\":\"visualization\",\"version\":\"6.7.0\"},{\"embeddableConfig\":{},\"gridData\":{\"h\":16,\"i\":\"10\",\"w\":8,\"x\":29,\"y\":53},\"id\":\"top10countries\",\"panelIndex\":\"10\",\"type\":\"visualization\",\"version\":\"6.7.0\"},{\"embeddableConfig\":{},\"gridData\":{\"h\":16,\"i\":\"11\",\"w\":21,\"x\":0,\"y\":69},\"id\":\"top10useragents\",\"panelIndex\":\"11\",\"type\":\"visualization\",\"version\":\"6.7.0\"},{\"embeddableConfig\":{},\"gridData\":{\"h\":9,\"i\":\"12\",\"w\":20,\"x\":0,\"y\":36},\"id\":\"httpmethods\",\"panelIndex\":\"12\",\"type\":\"visualization\",\"version\":\"6.7.0\"},{\"embeddableConfig\":{},\"gridData\":{\"h\":9,\"i\":\"13\",\"w\":19,\"x\":20,\"y\":36},\"id\":\"httpversions\",\"panelIndex\":\"13\",\"type\":\"visualization\",\"version\":\"6.7.0\"},{\"embeddableConfig\":{},\"gridData\":{\"h\":9,\"i\":\"14\",\"w\":9,\"x\":39,\"y\":36},\"id\":\"uniqueipcount\",\"panelIndex\":\"14\",\"type\":\"visualization\",\"version\":\"6.7.0\"},{\"embeddableConfig\":{},\"gridData\":{\"h\":8,\"i\":\"15\",\"w\":48,\"x\":0,\"y\":45},\"id\":\"requestcount\",\"panelIndex\":\"15\",\"type\":\"visualization\",\"version\":\"6.7.0\"},{\"embeddableConfig\":{},\"gridData\":{\"h\":16,\"i\":\"16\",\"w\":16,\"x\":21,\"y\":69},\"id\":\"top10hosts\",\"panelIndex\":\"16\",\"type\":\"visualization\",\"version\":\"6.7.0\"},{\"embeddableConfig\":{},\"gridData\":{\"h\":16,\"i\":\"17\",\"w\":11,\"x\":37,\"y\":53},\"id\":\"top10webacl\",\"panelIndex\":\"17\",\"type\":\"visualization\",\"version\":\"6.7.0\"},{\"embeddableConfig\":{},\"gridData\":{\"h\":16,\"i\":\"18\",\"w\":11,\"x\":37,\"y\":69},\"id\":\"top10rules\",\"panelIndex\":\"18\",\"type\":\"visualization\",\"version\":\"6.7.0\"},{\"embeddableConfig\":{},\"gridData\":{\"h\":16,\"i\":\"19\",\"w\":21,\"x\":0,\"y\":53},\"id\":\"top10uris\",\"panelIndex\":\"19\",\"type\":\"visualization\",\"version\":\"6.7.0\"}]",
      "optionsJSON": "{\"darkTheme\":false,\"hidePanelTitles\":false,\"useMargins\":true}",
      "version": 1,
      "timeRestore": false,
      "kibanaSavedObjectMeta": {
        "searchSourceJSON": "{\"index\":\"awswaf\",\"query\":{\"query\":\"\",\"language\":\"lucene\"},\"filter\":[]}"
      }
     }
},
{
  "attributes": {
    "description": "",
    "hits": 0,
    "kibanaSavedObjectMeta": {
      "searchSourceJSON": "{\"query\":{\"language\":\"lucene\",\"query\":\"\"},\"filter\":[],\"indexRefName\":\"kibanaSavedObjectMeta.searchSourceJSON.index\"}"
    },
    "optionsJSON": "{\"darkTheme\":false,\"hidePanelTitles\":false,\"useMargins\":true}",
    "panelsJSON": "[{\"version\":\"7.10.2\",\"gridData\":{\"x\":20,\"y\":27,\"w\":5,\"h\":16,\"i\":\"1\"},\"panelIndex\":\"1\",\"embeddableConfig\":{},\"panelRefName\":\"panel_0\"},{\"version\":\"7.10.2\",\"gridData\":{\"x\":8,\"y\":0,\"w\":8,\"h\":5,\"i\":\"2\"},\"panelIndex\":\"2\",\"embeddableConfig\":{},\"panelRefName\":\"panel_1\"},{\"version\":\"7.10.2\",\"gridData\":{\"x\":8,\"y\":5,\"w\":8,\"h\":5,\"i\":\"3\"},\"panelIndex\":\"3\",\"embeddableConfig\":{},\"panelRefName\":\"panel_2\"},{\"version\":\"7.10.2\",\"gridData\":{\"x\":0,\"y\":10,\"w\":48,\"h\":17,\"i\":\"6\"},\"panelIndex\":\"6\",\"embeddableConfig\":{\"mapCenter\":null,\"mapZoom\":null},\"panelRefName\":\"panel_3\"},{\"version\":\"7.10.2\",\"gridData\":{\"x\":0,\"y\":0,\"w\":8,\"h\":10,\"i\":\"8\"},\"panelIndex\":\"8\",\"embeddableConfig\":{},\"panelRefName\":\"panel_4\"},{\"version\":\"7.10.2\",\"gridData\":{\"x\":0,\"y\":59,\"w\":48,\"h\":9,\"i\":\"9\"},\"panelIndex\":\"9\",\"embeddableConfig\":{},\"panelRefName\":\"panel_5\"},{\"version\":\"7.10.2\",\"gridData\":{\"x\":25,\"y\":27,\"w\":5,\"h\":16,\"i\":\"10\"},\"panelIndex\":\"10\",\"embeddableConfig\":{},\"panelRefName\":\"panel_6\"},{\"version\":\"7.10.2\",\"gridData\":{\"x\":0,\"y\":27,\"w\":20,\"h\":16,\"i\":\"11\"},\"panelIndex\":\"11\",\"embeddableConfig\":{},\"panelRefName\":\"panel_7\"},{\"version\":\"7.10.2\",\"gridData\":{\"x\":30,\"y\":0,\"w\":9,\"h\":10,\"i\":\"12\"},\"panelIndex\":\"12\",\"embeddableConfig\":{},\"panelRefName\":\"panel_8\"},{\"version\":\"7.10.2\",\"gridData\":{\"x\":39,\"y\":0,\"w\":9,\"h\":10,\"i\":\"13\"},\"panelIndex\":\"13\",\"embeddableConfig\":{},\"panelRefName\":\"panel_9\"},{\"version\":\"7.10.2\",\"gridData\":{\"x\":16,\"y\":0,\"w\":7,\"h\":10,\"i\":\"14\"},\"panelIndex\":\"14\",\"embeddableConfig\":{},\"panelRefName\":\"panel_10\"},{\"version\":\"7.10.2\",\"gridData\":{\"x\":30,\"y\":27,\"w\":18,\"h\":16,\"i\":\"16\"},\"panelIndex\":\"16\",\"embeddableConfig\":{},\"panelRefName\":\"panel_11\"},{\"version\":\"7.10.2\",\"gridData\":{\"x\":16,\"y\":43,\"w\":11,\"h\":16,\"i\":\"17\"},\"panelIndex\":\"17\",\"embeddableConfig\":{},\"panelRefName\":\"panel_12\"},{\"version\":\"7.10.2\",\"gridData\":{\"x\":11,\"y\":43,\"w\":5,\"h\":16,\"i\":\"18\"},\"panelIndex\":\"18\",\"embeddableConfig\":{},\"panelRefName\":\"panel_13\"},{\"version\":\"7.10.2\",\"gridData\":{\"x\":0,\"y\":43,\"w\":11,\"h\":16,\"i\":\"19\"},\"panelIndex\":\"19\",\"embeddableConfig\":{},\"panelRefName\":\"panel_14\"},{\"version\":\"7.10.2\",\"gridData\":{\"x\":23,\"y\":0,\"w\":7,\"h\":10,\"i\":\"10db7961-5dcf-4796-a3a2-d7d587d40d9f\"},\"panelIndex\":\"10db7961-5dcf-4796-a3a2-d7d587d40d9f\",\"embeddableConfig\":{},\"panelRefName\":\"panel_15\"},{\"version\":\"7.10.2\",\"gridData\":{\"x\":27,\"y\":43,\"w\":21,\"h\":16,\"i\":\"87dea4c1-366c-4c2d-b6a9-e7cd6487a13b\"},\"panelIndex\":\"87dea4c1-366c-4c2d-b6a9-e7cd6487a13b\",\"embeddableConfig\":{},\"panelRefName\":\"panel_16\"}]",
    "timeRestore": false,
    "title": "WAFDashboard",
    "version": 1
  },
  "id": "WAFDashboard",
  "references": [
    {
      "id": "awswaf",
      "name": "kibanaSavedObjectMeta.searchSourceJSON.index",
      "type": "index-pattern"
    },
    {
      "id": "top10ip",
      "name": "panel_0",
      "type": "visualization"
    },
    {
      "id": "numberofallrequests",
      "name": "panel_1",
      "type": "visualization"
    },
    {
      "id": "numberofblockedrequests",
      "name": "panel_2",
      "type": "visualization"
    },
    {
      "id": "allcountries",
      "name": "panel_3",
      "type": "visualization"
    },
    {
      "id": "executedrules",
      "name": "panel_4",
      "type": "visualization"
    },
    {
      "id": "filters",
      "name": "panel_5",
      "type": "visualization"
    },
    {
      "id": "top10countries",
      "name": "panel_6",
      "type": "visualization"
    },
    {
      "id": "top10useragents",
      "name": "panel_7",
      "type": "visualization"
    },
    {
      "id": "httpmethods",
      "name": "panel_8",
      "type": "visualization"
    },
    {
      "id": "httpversions",
      "name": "panel_9",
      "type": "visualization"
    },
    {
      "id": "uniqueipcount",
      "name": "panel_10",
      "type": "visualization"
    },
    {
      "id": "top10hosts",
      "name": "panel_11",
      "type": "visualization"
    },
    {
      "id": "top10webacl",
      "name": "panel_12",
      "type": "visualization"
    },
    {
      "id": "top10rules",
      "name": "panel_13",
      "type": "visualization"
    },
    {
      "id": "top10uris",
      "name": "panel_14",
      "type": "visualization"
    },
    {
      "id": "unique-DeviceIdB",
      "name": "panel_15",
      "type": "visualization"
    },
    {
      "id": "DeviceIdB",
      "name": "panel_16",
      "type": "visualization"
    }
  ],
  "type": "dashboard"
},
{
  "attributes": {
    "description": "",
    "kibanaSavedObjectMeta": {
      "searchSourceJSON": "{\"query\":{\"query\":\"\",\"language\":\"kuery\"},\"filter\":[],\"indexRefName\":\"kibanaSavedObjectMeta.searchSourceJSON.index\"}"
    },
    "title": "Unique Device-IdB",
    "uiStateJSON": "{}",
    "version": 1,
    "visState": "{\"title\":\"Unique Device-IdB\",\"type\":\"metric\",\"aggs\":[{\"id\":\"1\",\"enabled\":true,\"type\":\"cardinality\",\"params\":{\"field\":\"deviceidB.keyword\",\"customLabel\":\"deviceidB\"},\"schema\":\"metric\"}],\"params\":{\"addTooltip\":true,\"addLegend\":false,\"type\":\"metric\",\"metric\":{\"percentageMode\":false,\"useRanges\":false,\"colorSchema\":\"Green to Red\",\"metricColorMode\":\"None\",\"colorsRange\":[{\"from\":0,\"to\":10000}],\"labels\":{\"show\":true},\"invertColors\":false,\"style\":{\"bgFill\":\"#000\",\"bgColor\":false,\"labelColor\":false,\"subText\":\"\",\"fontSize\":60}}}}"
  },
  "id": "unique-DeviceIdB",
  "references": [
    {
      "id": "awswaf",
      "name": "kibanaSavedObjectMeta.searchSourceJSON.index",
      "type": "index-pattern"
    }
  ],
  "type": "visualization"
}
]
