{
   "attributes": {
     "title": "Unique IP Count",
     "visState": "{\"title\":\"Unique IP Count\",\"type\":\"metric\",\"params\":{\"addTooltip\":true,\"addLegend\":false,\"type\":\"metric\",\"metric\":{\"percentageMode\":false,\"useRanges\":false,\"colorSchema\":\"Green to Red\",\"metricColorMode\":\"None\",\"colorsRange\":[{\"from\":0,\"to\":10000}],\"labels\":{\"show\":false},\"invertColors\":false,\"style\":{\"bgFill\":\"#000\",\"bgColor\":false,\"labelColor\":false,\"subText\":\"\",\"fontSize\":30}}},\"aggs\":[{\"id\":\"1\",\"enabled\":true,\"type\":\"cardinality\",\"schema\":\"metric\",\"params\":{\"field\":\"httpRequest.clientIp.keyword\"}}]}",
     "uiStateJSON": "{}",
     "description": "",
     "version": 1,
     "kibanaSavedObjectMeta": {
       "searchSourceJSON": "{\"index\":\"awswaf\",\"query\":{\"query\":\"\",\"language\":\"lucene\"},\"filter\":[]}"
     }
    }
}
